dataset\3—Û¥–»‚∆¨_»•∑«≤À\false_sougou__000201.jpg,0.3220275,0.18936676,0.20198938,0.44511157,0.43111217,0.23153329,0.31469333,0.31993216,False
dataset\3—Û¥–»‚∆¨_»•∑«≤À\false_sougou__000204.jpg,0.41054833,0.25350836,0.24646969,0.2939029,0.30622566,0.2568622,0.3092731,0.34486684,False
dataset\3—Û¥–»‚∆¨_»•∑«≤À\false_sougou__000209.jpg,0.3628068,0.3266074,0.3833215,0.34543127,0.4439516,0.39809626,0.39322162,0.32818213,False
dataset\3—Û¥–»‚∆¨_»•∑«≤À\false_sougou__000212.jpg,0.2912288,0.35008156,0.35023707,0.22757426,0.31924427,0.36128247,0.3590818,0.27000254,False
dataset\3—Û¥–»‚∆¨_»•∑«≤À\false_sougou__000214.jpg,0.17664213,0.2060161,0.21402672,0.37439734,0.29359812,0.22455594,0.323675,0.26422065,False
dataset\3—Û¥–»‚∆¨_»•∑«≤À\false_sougou__000215.jpg,0.27515066,0.25269386,0.2718508,0.35485068,0.38304156,0.30728197,0.37853354,0.33040935,False
dataset\3—Û¥–»‚∆¨_»•∑«≤À\false_sougou__000216.jpg,0.32865602,0.29851878,0.3845182,0.23299697,0.36704177,0.32547548,0.3753978,0.28572786,False
dataset\3—Û¥–»‚∆¨_»•∑«≤À\false_sougou__000217.jpg,0.49059343,0.36703765,0.43365204,0.42467234,0.48192808,0.43642104,0.46208268,0.45565212,False
dataset\3—Û¥–»‚∆¨_»•∑«≤À\false_sougou__000225.jpg,0.3585642,0.29404366,0.35320076,0.32722735,0.41069132,0.38431978,0.3715629,0.3044619,False
dataset\3—Û¥–»‚∆¨_»•∑«≤À\false_sougou__000226.jpg,0.50601536,0.37198746,0.5084541,0.4930535,0.49107444,0.39367014,0.48033148,0.48264274,False
dataset\3—Û¥–»‚∆¨_»•∑«≤À\false_sougou__000228.jpg,0.25142688,0.26688477,0.26260197,0.2835788,0.30967247,0.3070643,0.2709049,0.31436127,False
dataset\3—Û¥–»‚∆¨_»•∑«≤À\false_sougou__000230.jpg,0.32547712,0.3150469,0.35473177,0.35445657,0.35071933,0.35288888,0.38283032,0.3452618,False
dataset\3—Û¥–»‚∆¨_»•∑«≤À\false_sougou__000234.jpg,0.41372007,0.3623621,0.47052246,0.40896347,0.5631356,0.43160003,0.5062471,0.45603856,True
dataset\3—Û¥–»‚∆¨_»•∑«≤À\false_sougou__000241.jpg,0.27525407,0.2829317,0.32152957,0.27141798,0.34329942,0.2869211,0.38198328,0.3445202,False
dataset\3—Û¥–»‚∆¨_»•∑«≤À\false_sougou__000242.jpg,0.48375523,0.31348246,0.40850827,0.361291,0.5025058,0.314124,0.4824518,0.42096227,False
dataset\3—Û¥–»‚∆¨_»•∑«≤À\false_sougou__000252.jpg,0.37682578,0.21444821,0.19400778,0.26419163,0.20425048,0.24152946,0.24680306,0.25833905,False
dataset\3—Û¥–»‚∆¨_»•∑«≤À\false_sougou__000254.jpg,0.30778068,0.22630255,0.3139561,0.30676705,0.31702125,0.2575814,0.3768934,0.3768856,False
dataset\3—Û¥–»‚∆¨_»•∑«≤À\false_sougou__000255.jpg,0.29930174,0.18012257,0.22223453,0.31204593,0.35923886,0.22641703,0.32047772,0.33106256,False
dataset\3—Û¥–»‚∆¨_»•∑«≤À\false_sougou__000265.jpg,0.33874223,0.30738217,0.30086595,0.31528372,0.35688376,0.4007705,0.30461624,0.29006338,False
dataset\3—Û¥–»‚∆¨_»•∑«≤À\false_sougou__000267.jpg,0.30949378,0.15483329,0.1978985,0.31335765,0.24557805,0.18873513,0.2625218,0.28771558,False
dataset\3—Û¥–»‚∆¨_»•∑«≤À\false_sougou__000268.jpg,0.1935642,0.17021039,0.17991301,0.38053226,0.24625686,0.20711869,0.19339222,0.24317539,False
dataset\3—Û¥–»‚∆¨_»•∑«≤À\false_sougou__000272.jpg,0.40765578,0.16901852,0.19717881,0.27128568,0.30896133,0.1780851,0.35407585,0.2852642,False
dataset\3—Û¥–»‚∆¨_»•∑«≤À\false_sougou__000274.jpg,0.3714394,0.24512507,0.3060243,0.29328698,0.49503744,0.30657423,0.38656622,0.31692508,False
dataset\3—Û¥–»‚∆¨_»•∑«≤À\false_sougou__000276.jpg,0.4323731,0.25615126,0.3370241,0.34027994,0.44848314,0.29018968,0.39339295,0.41998363,False
dataset\3—Û¥–»‚∆¨_»•∑«≤À\false_sougou__000278.jpg,0.41780505,0.35558203,0.4582227,0.49827164,0.46463826,0.42364025,0.45473823,0.4807435,False
dataset\3—Û¥–»‚∆¨_»•∑«≤À\false_sougou__000282.jpg,0.31911325,0.31599617,0.3320281,0.31764245,0.33758178,0.37397525,0.37263864,0.35121632,False
dataset\3—Û¥–»‚∆¨_»•∑«≤À\false_sougou__000292.jpg,0.26339924,0.24402262,0.2798428,0.32951286,0.29560465,0.30552125,0.29664004,0.32004267,False
dataset\3—Û¥–»‚∆¨_»•∑«≤À\false_sougou__000302.jpg,0.31247926,0.2352287,0.28992316,0.24066168,0.25002414,0.25260156,0.43121344,0.31067067,False
dataset\3—Û¥–»‚∆¨_»•∑«≤À\false_sougou__000304.jpg,0.39709908,0.29146457,0.3053825,0.44297728,0.4315616,0.36468947,0.34523427,0.3623851,False
dataset\3—Û¥–»‚∆¨_»•∑«≤À\false_sougou__000307.jpg,0.33796242,0.3542595,0.39258224,0.3905444,0.4003353,0.40326148,0.36907303,0.3996914,False
dataset\3—Û¥–»‚∆¨_»•∑«≤À\false_sougou__000308.jpg,0.29917774,0.30676642,0.33177882,0.45367002,0.34356332,0.3353896,0.36207336,0.37466845,False
dataset\3—Û¥–»‚∆¨_»•∑«≤À\false_sougou__000310.jpg,0.35557616,0.37197948,0.53745294,0.30166218,0.4123141,0.37949884,0.4926647,0.43641686,False
dataset\3—Û¥–»‚∆¨_»•∑«≤À\false_sougou__000315.jpg,0.5235732,0.3592152,0.42193907,0.42718935,0.44390136,0.39258608,0.4652715,0.4241556,False
dataset\3—Û¥–»‚∆¨_»•∑«≤À\false_sougou__000316.jpg,0.42326963,0.3444158,0.3702327,0.43170708,0.5404247,0.4112358,0.450572,0.4305709,False
dataset\3—Û¥–»‚∆¨_»•∑«≤À\false_sougou__000320.jpg,0.3165509,0.20833954,0.24843039,0.26494616,0.32615826,0.24366473,0.28276765,0.32736674,False
dataset\3—Û¥–»‚∆¨_»•∑«≤À\false_sougou__000321.jpg,0.28528398,0.29203704,0.38956925,0.30814207,0.3307268,0.32335448,0.37570816,0.3533545,False
dataset\3—Û¥–»‚∆¨_»•∑«≤À\false_sougou__000324.jpg,0.322223,0.20469213,0.21562983,0.1711149,0.20407668,0.21523772,0.26831812,0.1888775,False
dataset\3—Û¥–»‚∆¨_»•∑«≤À\false_sougou__000325.jpg,0.2944577,0.29535007,0.4030974,0.24412572,0.3328638,0.30676305,0.44649816,0.3585086,False
dataset\3—Û¥–»‚∆¨_»•∑«≤À\false_sougou__000329.jpg,0.35954952,0.24761131,0.24258983,0.43673307,0.4146057,0.27919197,0.31770492,0.36264393,False
dataset\3—Û¥–»‚∆¨_»•∑«≤À\false_sougou__000333.jpg,0.24520963,0.2298657,0.23230746,0.323965,0.4705006,0.27593613,0.30340266,0.2943132,False
dataset\3—Û¥–»‚∆¨_»•∑«≤À\false_sougou__000334.jpg,0.2852835,0.18291247,0.1890414,0.3813466,0.30957448,0.22367762,0.23549199,0.27806264,False
dataset\3—Û¥–»‚∆¨_»•∑«≤À\false_sougou__000337.jpg,0.3216625,0.25186127,0.37313914,0.34456566,0.4366969,0.29171073,0.40248942,0.36312842,False
dataset\3—Û¥–»‚∆¨_»•∑«≤À\false_sougou__000338.jpg,0.4035263,0.31502753,0.4661327,0.32163864,0.46638626,0.3389133,0.42705145,0.38913804,False
dataset\3—Û¥–»‚∆¨_»•∑«≤À\false_sougou__000340.jpg,0.17031732,0.16256481,0.17782262,0.2169594,0.23397388,0.23515865,0.23690814,0.21082737,False
dataset\3—Û¥–»‚∆¨_»•∑«≤À\false_sougou__000345.jpg,0.37985617,0.3298863,0.3440874,0.36918497,0.43562788,0.40163177,0.40549514,0.41488245,False
dataset\3—Û¥–»‚∆¨_»•∑«≤À\false_sougou__000346.jpg,0.19679633,0.12371754,0.15447217,0.14174274,0.15516716,0.12327474,0.20745355,0.18964203,False
dataset\3—Û¥–»‚∆¨_»•∑«≤À\false_sougou__000349.jpg,0.38386452,0.36534923,0.4197911,0.35569024,0.4305675,0.42790383,0.43576834,0.43820044,False
dataset\3—Û¥–»‚∆¨_»•∑«≤À\false_sougou__000351.jpg,0.40699393,0.280234,0.23896295,0.28880954,0.44661707,0.33707565,0.36748633,0.2869534,False
dataset\3—Û¥–»‚∆¨_»•∑«≤À\false_sougou__000352.jpg,0.35541093,0.30894658,0.41354457,0.30287915,0.49470794,0.3415922,0.47088113,0.3925534,False
dataset\3—Û¥–»‚∆¨_»•∑«≤À\false_sougou__000353.jpg,0.26314217,0.16009744,0.2090566,0.25108796,0.42773467,0.19592357,0.32598835,0.32508177,False
dataset\3—Û¥–»‚∆¨_»•∑«≤À\false_sougou__000357.jpg,0.23868364,0.22442594,0.24124837,0.4527379,0.29557073,0.2851684,0.24951643,0.27938777,False
dataset\3—Û¥–»‚∆¨_»•∑«≤À\false_sougou__000358.jpg,0.34973142,0.39720652,0.4265484,0.44018382,0.3940823,0.4069383,0.45629525,0.43438473,False
dataset\3—Û¥–»‚∆¨_»•∑«≤À\false_sougou__000359.jpg,0.29863307,0.2508426,0.23078656,0.3193633,0.29608953,0.27542722,0.23812284,0.2890478,False
dataset\3—Û¥–»‚∆¨_»•∑«≤À\false_sougou__000361.jpg,0.1908564,0.1310392,0.15121093,0.23653121,0.23512942,0.16041492,0.20431413,0.27792758,False
dataset\3—Û¥–»‚∆¨_»•∑«≤À\false_sougou__000365.jpg,0.2787747,0.27096158,0.33831707,0.37073374,0.32624874,0.30540347,0.29780734,0.33222857,False
dataset\3—Û¥–»‚∆¨_»•∑«≤À\false_sougou__000366.jpg,0.34498596,0.1564472,0.17056493,0.22134814,0.27248582,0.1539947,0.33688188,0.2482969,False
dataset\3—Û¥–»‚∆¨_»•∑«≤À\false_sougou__000367.jpg,0.29983038,0.28252807,0.3599757,0.3075546,0.23968257,0.27880192,0.33644938,0.29778835,False
dataset\3—Û¥–»‚∆¨_»•∑«≤À\false_sougou__000374.jpg,0.38749653,0.2504648,0.294857,0.20559543,0.27035898,0.20639762,0.35222954,0.3004135,False
dataset\3—Û¥–»‚∆¨_»•∑«≤À\false_sougou__000378.jpg,0.23227261,0.15907297,0.19457273,0.2867337,0.39586893,0.22121084,0.27193367,0.24420668,False
dataset\3—Û¥–»‚∆¨_»•∑«≤À\false_sougou__000380.jpg,0.513203,0.26815322,0.32877943,0.29651225,0.40549365,0.30231723,0.38565713,0.34936804,False
dataset\3—Û¥–»‚∆¨_»•∑«≤À\false_sougou__000382.jpg,0.37382042,0.2936075,0.43645477,0.33700538,0.48429686,0.33942306,0.47401118,0.41768238,False
dataset\3—Û¥–»‚∆¨_»•∑«≤À\false_sougou__000387.jpg,0.44445163,0.26415446,0.31919318,0.40152913,0.33600557,0.38783023,0.33991188,0.29734024,False
dataset\3—Û¥–»‚∆¨_»•∑«≤À\false_sougou__000388.jpg,0.4806196,0.20138974,0.29105803,0.2740606,0.2839784,0.22723013,0.3021081,0.29578364,False
dataset\3—Û¥–»‚∆¨_»•∑«≤À\false_sougou__000390.jpg,0.30423135,0.2651714,0.48742923,0.2640883,0.3817615,0.34286594,0.42649162,0.39451218,False
dataset\3—Û¥–»‚∆¨_»•∑«≤À\false_sougou__000391.jpg,0.3884104,0.34689566,0.39536464,0.41532332,0.39920104,0.41341403,0.4195319,0.38248658,False
dataset\3—Û¥–»‚∆¨_»•∑«≤À\false_sougou__000396.jpg,0.08479424,0.03785699,0.038497824,0.076389365,0.07736193,0.047731027,0.055144627,0.06090018,False
dataset\3—Û¥–»‚∆¨_»•∑«≤À\false_sougou__000399.jpg,0.23733181,0.19292605,0.21016255,0.37593055,0.32693225,0.23481493,0.2544089,0.3043434,False
dataset\3—Û¥–»‚∆¨_»•∑«≤À\false_sougou__000403.jpg,0.31466874,0.25641727,0.35377115,0.23287609,0.30303603,0.28844923,0.3215043,0.29389566,False
dataset\3—Û¥–»‚∆¨_»•∑«≤À\false_sougou__000404.jpg,0.38150826,0.4067881,0.52014714,0.41347688,0.47926974,0.4432432,0.539477,0.4706684,False
dataset\3—Û¥–»‚∆¨_»•∑«≤À\false_sougou__000410.jpg,0.35843006,0.3311234,0.43095094,0.32949787,0.47863352,0.35427952,0.41771424,0.40716013,False
dataset\3—Û¥–»‚∆¨_»•∑«≤À\false_sougou__000412.jpg,0.42488676,0.45144045,0.55893016,0.3643312,0.5197335,0.51085,0.6084343,0.51244444,True
dataset\3—Û¥–»‚∆¨_»•∑«≤À\false_sougou__000413.jpg,0.34239528,0.20872876,0.24097857,0.2501662,0.5050039,0.28680152,0.40774038,0.34771627,False
dataset\3—Û¥–»‚∆¨_»•∑«≤À\false_sougou__000414.jpg,0.19564773,0.240774,0.27799878,0.23375717,0.19829893,0.2853775,0.36695203,0.25454286,False
dataset\3—Û¥–»‚∆¨_»•∑«≤À\false_sougou__000423.jpg,0.31588966,0.3286072,0.4445603,0.34122768,0.3892351,0.3888006,0.46609414,0.41487235,False
dataset\3—Û¥–»‚∆¨_»•∑«≤À\false_sougou__000425.jpg,0.33859533,0.18407309,0.2036368,0.23139587,0.24217202,0.22679286,0.24415353,0.20307328,False
dataset\3—Û¥–»‚∆¨_»•∑«≤À\false_sougou__000428.jpg,0.2968999,0.3141721,0.43614084,0.24409963,0.37194487,0.37309325,0.41234162,0.39181852,False
dataset\3—Û¥–»‚∆¨_»•∑«≤À\false_sougou__000432.jpg,0.3043583,0.33558258,0.31297332,0.38412774,0.39348716,0.3945999,0.38616312,0.4058081,False
dataset\3—Û¥–»‚∆¨_»•∑«≤À\false_sougou__000435.jpg,0.291224,0.1639315,0.1754081,0.28076246,0.26348576,0.19312882,0.26986808,0.25468224,False
dataset\3—Û¥–»‚∆¨_»•∑«≤À\false_sougou__000442.jpg,0.14638686,0.15041892,0.19886056,0.20176354,0.19703323,0.18918985,0.23258033,0.23150054,False
dataset\3—Û¥–»‚∆¨_»•∑«≤À\false_sougou__000446.jpg,0.12249072,0.09196453,0.102521375,0.24131498,0.18514213,0.11725889,0.17462945,0.15698497,False
dataset\3—Û¥–»‚∆¨_»•∑«≤À\false_sougou__000448.jpg,0.42859274,0.11607236,0.124320775,0.21919945,0.26381838,0.169773,0.21104257,0.20765641,False
dataset\3—Û¥–»‚∆¨_»•∑«≤À\false_sougou__000450.jpg,0.22620885,0.29800844,0.3113756,0.20732939,0.24918279,0.306895,0.4445191,0.30383438,False
dataset\3—Û¥–»‚∆¨_»•∑«≤À\false_sougou__000468.jpg,0.20881474,0.19152561,0.19573429,0.24576,0.24519202,0.22902508,0.20394048,0.2103003,False
dataset\3—Û¥–»‚∆¨_»•∑«≤À\false_sougou__000476.jpg,0.44365704,0.37761545,0.40849543,0.42721346,0.4640544,0.41868782,0.47355005,0.426485,False
dataset\3—Û¥–»‚∆¨_»•∑«≤À\false_sougou__000477.jpg,0.25467974,0.104930416,0.13517983,0.1450254,0.26777244,0.13323593,0.18816593,0.22064155,False
dataset\3—Û¥–»‚∆¨_»•∑«≤À\false_sougou__000481.jpg,0.44034725,0.27143237,0.28686622,0.33025718,0.32945135,0.29419583,0.42176807,0.33700463,False
dataset\3—Û¥–»‚∆¨_»•∑«≤À\false_sougou__000483.jpg,0.17664284,0.1220797,0.14497358,0.18773106,0.18214259,0.13348141,0.18975857,0.18818282,False
dataset\3—Û¥–»‚∆¨_»•∑«≤À\false_sougou__000486.jpg,0.39389798,0.3246448,0.37478465,0.338359,0.46958232,0.4086362,0.4390065,0.38636905,False
dataset\3—Û¥–»‚∆¨_»•∑«≤À\false_sougou__000487.jpg,0.22253992,0.20183645,0.21027362,0.293493,0.20554769,0.23905033,0.22669798,0.29997244,False
dataset\3—Û¥–»‚∆¨_»•∑«≤À\false_sougou__000489.jpg,0.57732284,0.23535874,0.21917099,0.35558826,0.3682325,0.24973392,0.34901908,0.3225236,True
dataset\3—Û¥–»‚∆¨_»•∑«≤À\false_sougou__000490.jpg,0.27673465,0.23830749,0.2660636,0.3003127,0.38690212,0.2934223,0.37235102,0.36063904,False
dataset\3—Û¥–»‚∆¨_»•∑«≤À\false_sougou__000498.jpg,0.148406,0.1848719,0.18186326,0.29517436,0.23588258,0.19805796,0.2722408,0.23743303,False
dataset\3—Û¥–»‚∆¨_»•∑«≤À\false_sougou__000502.jpg,0.23022112,0.19400539,0.23203695,0.26181644,0.23527172,0.26302612,0.2752187,0.30000758,False
dataset\3—Û¥–»‚∆¨_»•∑«≤À\false_sougou__000504.jpg,0.48626474,0.37065083,0.40730095,0.46352404,0.5434114,0.44019127,0.46320796,0.45573205,False
dataset\3—Û¥–»‚∆¨_»•∑«≤À\false_sougou__000507.jpg,0.2602108,0.2622187,0.28083277,0.24547319,0.45090827,0.32053885,0.34490073,0.30552524,False
dataset\3—Û¥–»‚∆¨_»•∑«≤À\false_sougou__000509.jpg,0.49221852,0.31066066,0.28197718,0.38648164,0.5241598,0.3206581,0.3978994,0.3426969,False
dataset\3—Û¥–»‚∆¨_»•∑«≤À\false_sougou__000512.jpg,0.36036706,0.33197385,0.34154993,0.3744145,0.30662185,0.4026944,0.3817399,0.3221097,False
dataset\3—Û¥–»‚∆¨_»•∑«≤À\false_sougou__000513.jpg,0.2169403,0.24252573,0.28525913,0.27434206,0.27348152,0.27446786,0.29967514,0.3149001,False
dataset\3—Û¥–»‚∆¨_»•∑«≤À\false_sougou__000516.jpg,0.6477946,0.29165393,0.3850816,0.2896648,0.401868,0.294383,0.45186302,0.3666859,True
dataset\3—Û¥–»‚∆¨_»•∑«≤À\false_sougou__000517.jpg,0.29734123,0.3436957,0.46824318,0.37680465,0.27941844,0.36712998,0.3948472,0.32009232,False
dataset\3—Û¥–»‚∆¨_»•∑«≤À\false_sougou__000518.jpg,0.2979958,0.23909323,0.303226,0.24853876,0.34656,0.26683754,0.33604252,0.2708438,False
dataset\3—Û¥–»‚∆¨_»•∑«≤À\false_sougou__000520.jpg,0.48578602,0.40479892,0.5634117,0.4455515,0.5072874,0.4779993,0.56597316,0.48476008,True
dataset\3—Û¥–»‚∆¨_»•∑«≤À\false_sougou__000523.jpg,0.39261663,0.39662495,0.4689613,0.38397405,0.42583302,0.44344753,0.46595132,0.45025396,False
dataset\3—Û¥–»‚∆¨_»•∑«≤À\false_sougou__000526.jpg,0.119829446,0.10603894,0.11316951,0.39622015,0.1979489,0.1477929,0.15563786,0.20782319,False
dataset\3—Û¥–»‚∆¨_»•∑«≤À\false_sougou__000531.jpg,0.38089514,0.2616155,0.30098546,0.1950638,0.272179,0.2166561,0.41186267,0.2656188,False
dataset\3—Û¥–»‚∆¨_»•∑«≤À\false_sougou__000533.jpg,0.39159417,0.3445039,0.45754033,0.3162744,0.5214318,0.33933917,0.46543455,0.46444097,False
dataset\3—Û¥–»‚∆¨_»•∑«≤À\false_sougou__000534.jpg,0.45256588,0.29343826,0.28996897,0.40982854,0.41053444,0.32421574,0.3877157,0.39003855,False
dataset\3—Û¥–»‚∆¨_»•∑«≤À\false_sougou__000538.jpg,0.43267465,0.37112918,0.40177894,0.44804576,0.5361147,0.4685138,0.47242248,0.47214937,False
dataset\3—Û¥–»‚∆¨_»•∑«≤À\false_sougou__000541.jpg,0.38055027,0.43092993,0.5189017,0.32029757,0.4090075,0.4365438,0.5410087,0.45611084,False
dataset\3—Û¥–»‚∆¨_»•∑«≤À\false_sougou__000542.jpg,0.36115366,0.2127533,0.29109213,0.2601398,0.32595694,0.2151822,0.37291604,0.34999666,False
dataset\3—Û¥–»‚∆¨_»•∑«≤À\false_sougou__000547.jpg,0.3922246,0.3113186,0.2993319,0.46070802,0.44423413,0.35317546,0.37557647,0.3988171,False
dataset\3—Û¥–»‚∆¨_»•∑«≤À\false_sougou__000548.jpg,0.38862026,0.2760635,0.3287127,0.3444174,0.35761344,0.38073558,0.36957762,0.35889333,False
dataset\3—Û¥–»‚∆¨_»•∑«≤À\false_sougou__000550.jpg,0.40533224,0.25852156,0.2719502,0.35788518,0.3778885,0.2976364,0.39884925,0.29871267,False
dataset\3—Û¥–»‚∆¨_»•∑«≤À\false_sougou__000551.jpg,0.3505422,0.15616727,0.19617069,0.408117,0.3560577,0.22786936,0.3099586,0.23136607,False
dataset\3—Û¥–»‚∆¨_»•∑«≤À\false_sougou__000554.jpg,0.15207952,0.17094822,0.15673843,0.32568258,0.22527534,0.19962022,0.20270354,0.23045367,False
dataset\3—Û¥–»‚∆¨_»•∑«≤À\false_sougou__000557.jpg,0.44557288,0.319107,0.4073108,0.44597948,0.42889294,0.4054528,0.40931797,0.42996728,False
dataset\3—Û¥–»‚∆¨_»•∑«≤À\false_sougou__000562.jpg,0.5391935,0.21524689,0.21951674,0.39608368,0.37923104,0.24394387,0.27757567,0.29922456,False
dataset\3—Û¥–»‚∆¨_»•∑«≤À\false_sougou__000567.jpg,0.2903099,0.2985846,0.33856592,0.25724816,0.3547418,0.32725653,0.42920554,0.28345558,False
dataset\3—Û¥–»‚∆¨_»•∑«≤À\false_sougou__000571.jpg,0.3534807,0.43151227,0.493237,0.44860333,0.33400458,0.42672914,0.4231523,0.38654187,False
dataset\3—Û¥–»‚∆¨_»•∑«≤À\false_sougou__000572.jpg,0.53784573,0.40555632,0.46650565,0.45808724,0.59408194,0.49605674,0.5515475,0.5390956,True
dataset\3—Û¥–»‚∆¨_»•∑«≤À\false_sougou__000574.jpg,0.28265715,0.31155866,0.54207003,0.27347574,0.38015905,0.3237274,0.44271338,0.38961852,False
dataset\3—Û¥–»‚∆¨_»•∑«≤À\false_sougou__000575.jpg,0.29986316,0.23859084,0.28811902,0.3776766,0.37539232,0.30332708,0.300955,0.28158945,False
dataset\3—Û¥–»‚∆¨_»•∑«≤À\false_sougou__000576.jpg,0.28296474,0.23180418,0.2932853,0.28936952,0.43657237,0.27966797,0.40305543,0.32009435,False
dataset\3—Û¥–»‚∆¨_»•∑«≤À\false_sougou__000577.jpg,0.37538293,0.22821613,0.26348734,0.22812857,0.2763952,0.22775033,0.3093454,0.295142,False
dataset\3—Û¥–»‚∆¨_»•∑«≤À\false_sougou__000579.jpg,0.3185225,0.24222007,0.222986,0.23246148,0.25218302,0.2434786,0.38220084,0.24879858,False
dataset\3—Û¥–»‚∆¨_»•∑«≤À\false_sougou__000580.jpg,0.43164414,0.3226242,0.3499824,0.29057443,0.46540758,0.3759292,0.5389732,0.3809305,False
dataset\3—Û¥–»‚∆¨_»•∑«≤À\false_sougou__000582.jpg,0.4578048,0.1077697,0.130373,0.21693818,0.23210138,0.15337494,0.20491819,0.18111785,False
dataset\3—Û¥–»‚∆¨_»•∑«≤À\false_sougou__000584.jpg,0.45486766,0.32017195,0.39017725,0.44413096,0.44971353,0.4089278,0.44785511,0.45142317,False
dataset\3—Û¥–»‚∆¨_»•∑«≤À\false_sougou__000587.jpg,0.3638401,0.39426523,0.41970474,0.43583483,0.384709,0.43850163,0.41357717,0.40114668,False
dataset\3—Û¥–»‚∆¨_»•∑«≤À\false_sougou__000589.jpg,0.21168469,0.15633225,0.16033088,0.21350932,0.20887776,0.19092187,0.22081873,0.19064459,False
dataset\3—Û¥–»‚∆¨_»•∑«≤À\false_sougou__000591.jpg,0.3868985,0.18466502,0.20771693,0.25921276,0.32736212,0.23174527,0.31468382,0.27158922,False
dataset\3—Û¥–»‚∆¨_»•∑«≤À\false_sougou__000593.jpg,0.4214428,0.3589046,0.39647955,0.3299169,0.512301,0.38265663,0.47973096,0.3914309,False
dataset\3—Û¥–»‚∆¨_»•∑«≤À\false_sougou__000596.jpg,0.3116325,0.34584606,0.44649768,0.35407048,0.29384232,0.37849516,0.37423578,0.3583144,False
dataset\3—Û¥–»‚∆¨_»•∑«≤À\false_sougou__000603.jpg,0.3960355,0.25903422,0.27507553,0.41788638,0.44534063,0.34115922,0.3979386,0.3956659,False
dataset\3—Û¥–»‚∆¨_»•∑«≤À\false_sougou__000604.jpg,0.48615283,0.28123313,0.2795757,0.29761082,0.3786484,0.2524621,0.3276515,0.31453198,False
dataset\3—Û¥–»‚∆¨_»•∑«≤À\false_sougou__000605.jpg,0.34169334,0.31294265,0.30570173,0.24531588,0.29832163,0.258631,0.32925898,0.2634033,False
dataset\3—Û¥–»‚∆¨_»•∑«≤À\false_sougou__000610.jpg,0.18818277,0.22014984,0.27348846,0.32501894,0.2725314,0.24873197,0.31620434,0.29911855,False
dataset\3—Û¥–»‚∆¨_»•∑«≤À\false_sougou__000613.jpg,0.27658576,0.21009007,0.20128943,0.29003608,0.27423778,0.25643694,0.24474065,0.24811071,False
dataset\3—Û¥–»‚∆¨_»•∑«≤À\false_sougou__000615.jpg,0.3512783,0.25193635,0.27733457,0.41063142,0.38689548,0.2890017,0.34443688,0.33956736,False
dataset\3—Û¥–»‚∆¨_»•∑«≤À\false_sougou__000620.jpg,0.41301006,0.36761236,0.4476815,0.4234356,0.4139555,0.4415964,0.47768077,0.41107833,False
dataset\3—Û¥–»‚∆¨_»•∑«≤À\false_sougou__000621.jpg,0.21535096,0.110990606,0.11683665,0.216613,0.21595609,0.11191705,0.25901985,0.17476329,False
dataset\3—Û¥–»‚∆¨_»•∑«≤À\false_sougou__000623.jpg,0.3149711,0.29684308,0.46316254,0.3487184,0.38776553,0.3509741,0.37128264,0.37623495,False
dataset\3—Û¥–»‚∆¨_»•∑«≤À\false_sougou__000624.jpg,0.39313596,0.31874835,0.47522047,0.30190405,0.5216526,0.3706503,0.49584553,0.4046707,False
dataset\3—Û¥–»‚∆¨_»•∑«≤À\false_sougou__000625.jpg,0.24056095,0.12653211,0.110504255,0.19104919,0.25089404,0.17244875,0.15199515,0.13596238,False
dataset\3—Û¥–»‚∆¨_»•∑«≤À\false_sougou__000626.jpg,0.28817794,0.19355315,0.24603017,0.20815673,0.27793002,0.23036262,0.31315285,0.317221,False
dataset\3—Û¥–»‚∆¨_»•∑«≤À\false_sougou__000628.jpg,0.37165013,0.25399688,0.31202573,0.32231614,0.4223765,0.31176203,0.38543943,0.34601796,False
dataset\3—Û¥–»‚∆¨_»•∑«≤À\false_sougou__000629.jpg,0.201927,0.20663771,0.2309686,0.37484902,0.26981458,0.23446926,0.27929005,0.28975365,False
dataset\3—Û¥–»‚∆¨_»•∑«≤À\false_sougou__000630.jpg,0.35621816,0.34340775,0.3918835,0.36239862,0.39814168,0.41917592,0.39674738,0.35981393,False
dataset\3—Û¥–»‚∆¨_»•∑«≤À\false_sougou__000636.jpg,0.3550117,0.37062877,0.4143185,0.41856974,0.43707228,0.45603752,0.3997975,0.4298162,False
dataset\3—Û¥–»‚∆¨_»•∑«≤À\false_sougou__000643.jpg,0.45964774,0.22761682,0.2835644,0.2445564,0.45755297,0.24243319,0.39871347,0.32558525,False
dataset\3—Û¥–»‚∆¨_»•∑«≤À\false_sougou__000646.jpg,0.4146867,0.4251743,0.46878907,0.3528102,0.4229164,0.4005709,0.52001965,0.43185943,False
dataset\3—Û¥–»‚∆¨_»•∑«≤À\false_sougou__000650.jpg,0.42606658,0.21400863,0.25339383,0.40110433,0.4299551,0.31231347,0.32785633,0.29874396,False
dataset\3—Û¥–»‚∆¨_»•∑«≤À\false_sougou__000653.jpg,0.35534662,0.2931909,0.38820565,0.25572392,0.4574326,0.31128213,0.42355058,0.3507841,False
dataset\3—Û¥–»‚∆¨_»•∑«≤À\false_sougou__000658.jpg,0.48042434,0.37020388,0.38975167,0.35607973,0.47789046,0.4025949,0.4918999,0.39768112,False
dataset\3—Û¥–»‚∆¨_»•∑«≤À\false_sougou__000659.jpg,0.43871194,0.3230285,0.38167945,0.4050455,0.38647345,0.40522105,0.4327877,0.4027362,False
dataset\3—Û¥–»‚∆¨_»•∑«≤À\false_sougou__000660.jpg,0.2670191,0.2943442,0.28707245,0.3796816,0.39119494,0.3184723,0.35387242,0.3624125,False
dataset\3—Û¥–»‚∆¨_»•∑«≤À\false_sougou__000663.jpg,0.21532002,0.16596591,0.19206725,0.31569165,0.23094006,0.19639602,0.3243032,0.21577738,False
dataset\3—Û¥–»‚∆¨_»•∑«≤À\false_sougou__000665.jpg,0.35698652,0.37638956,0.4116065,0.43387473,0.46361083,0.4125528,0.43396157,0.43745732,False
dataset\3—Û¥–»‚∆¨_»•∑«≤À\false_sougou__000666.jpg,0.3053692,0.27875248,0.28361785,0.38116246,0.32320303,0.34755683,0.30776706,0.3068307,False
dataset\3—Û¥–»‚∆¨_»•∑«≤À\false_sougou__000669.jpg,0.33760655,0.25129747,0.2744434,0.3330077,0.37530622,0.2548377,0.36634338,0.3271302,False
dataset\3—Û¥–»‚∆¨_»•∑«≤À\false_sougou__000671.jpg,0.3300443,0.2718668,0.31741685,0.34448546,0.3453346,0.30724728,0.36260664,0.3348298,False
dataset\3—Û¥–»‚∆¨_»•∑«≤À\false_sougou__000672.jpg,0.34177285,0.24359682,0.37058783,0.34489146,0.42389056,0.27718866,0.35587516,0.32751006,False
dataset\3—Û¥–»‚∆¨_»•∑«≤À\false_sougou__000674.jpg,0.3516438,0.31656158,0.33329597,0.503041,0.3717647,0.38329506,0.38897717,0.3666558,False
dataset\3—Û¥–»‚∆¨_»•∑«≤À\false_sougou__000678.jpg,0.41292256,0.34635574,0.41875058,0.3670695,0.5026157,0.3963053,0.5005715,0.42807567,False
dataset\3—Û¥–»‚∆¨_»•∑«≤À\false_sougou__000680.jpg,0.39630613,0.3214074,0.3380487,0.28140485,0.4019333,0.32309902,0.44014847,0.3914143,False
dataset\3—Û¥–»‚∆¨_»•∑«≤À\false_sougou__000683.jpg,0.28197488,0.20761763,0.2035221,0.15830413,0.20876077,0.17123513,0.30918843,0.29322124,False
dataset\3—Û¥–»‚∆¨_»•∑«≤À\false_sougou__000687.jpg,0.2330538,0.1760778,0.18910599,0.25564024,0.28068152,0.21871477,0.2506438,0.27720878,False
dataset\3—Û¥–»‚∆¨_»•∑«≤À\false_sougou__000688.jpg,0.49918348,0.33405018,0.38669872,0.4133642,0.59497094,0.44330144,0.49439374,0.423129,True
dataset\3—Û¥–»‚∆¨_»•∑«≤À\false_sougou__000690.jpg,0.43040836,0.3479306,0.44665536,0.41359338,0.5579396,0.405059,0.4803692,0.44498152,True
dataset\3—Û¥–»‚∆¨_»•∑«≤À\false_sougou__000691.jpg,0.41873595,0.23960865,0.27554578,0.3827142,0.40735352,0.26947463,0.37100646,0.3448928,False
dataset\3—Û¥–»‚∆¨_»•∑«≤À\false_sougou__000692.jpg,0.3892985,0.3437279,0.4167748,0.3394403,0.45031637,0.38733453,0.50360173,0.4019913,False
dataset\3—Û¥–»‚∆¨_»•∑«≤À\false_sougou__000693.jpg,0.32206059,0.22497505,0.2871254,0.25485262,0.30234748,0.20860186,0.32103747,0.32927898,False
dataset\3—Û¥–»‚∆¨_»•∑«≤À\false_sougou__000695.jpg,0.48645738,0.37626863,0.42852747,0.36809647,0.56372666,0.41850346,0.53090477,0.4581191,True
dataset\3—Û¥–»‚∆¨_»•∑«≤À\false_sougou__000696.jpg,0.21303257,0.20429392,0.1699771,0.34693387,0.2297257,0.24767925,0.20859982,0.2361511,False
dataset\3—Û¥–»‚∆¨_»•∑«≤À\false_sougou__000698.jpg,0.34918916,0.36675644,0.4761516,0.35538882,0.40809697,0.40068203,0.4412,0.38578647,False
dataset\3—Û¥–»‚∆¨_»•∑«≤À\false_sougou__000699.jpg,0.38869947,0.26955068,0.3458704,0.36176783,0.3638833,0.32766184,0.35191575,0.34151775,False
dataset\3—Û¥–»‚∆¨_»•∑«≤À\false_sougou__000701.jpg,0.4102372,0.32675236,0.40504628,0.4086525,0.43756557,0.39330947,0.4293471,0.40104526,False
dataset\3—Û¥–»‚∆¨_»•∑«≤À\false_sougou__000704.jpg,0.36071524,0.3280986,0.35553163,0.32938093,0.4361385,0.36890095,0.38253123,0.34665316,False
dataset\3—Û¥–»‚∆¨_»•∑«≤À\false_sougou__000705.jpg,0.3900324,0.37309283,0.40514234,0.3336416,0.391467,0.4102424,0.41284305,0.3364877,False
dataset\3—Û¥–»‚∆¨_»•∑«≤À\false_sougou__000706.jpg,0.41518074,0.24995327,0.2898376,0.36335862,0.473913,0.31590688,0.40826964,0.35124332,False
dataset\3—Û¥–»‚∆¨_»•∑«≤À\false_sougou__000709.jpg,0.19176286,0.21789265,0.2791388,0.17945549,0.21057922,0.24206063,0.28235823,0.23818353,False
dataset\3—Û¥–»‚∆¨_»•∑«≤À\false_sougou__000710.jpg,0.3019884,0.23125163,0.2800852,0.43250448,0.40773803,0.26904133,0.35899612,0.3563969,False
dataset\3—Û¥–»‚∆¨_»•∑«≤À\false_sougou__000711.jpg,0.3881841,0.30481443,0.3162124,0.31495836,0.40576822,0.35424972,0.39831305,0.37469122,False
dataset\3—Û¥–»‚∆¨_»•∑«≤À\false_sougou__000714.jpg,0.23467195,0.13785529,0.16914505,0.23467745,0.3710277,0.2086658,0.30427337,0.2505111,False
dataset\3—Û¥–»‚∆¨_»•∑«≤À\false_sougou__000715.jpg,0.36515325,0.24040824,0.21602425,0.30379733,0.2880069,0.27879816,0.36413002,0.2480388,False
dataset\3—Û¥–»‚∆¨_»•∑«≤À\false_sougou__000716.jpg,0.29679263,0.30748904,0.51904774,0.23502766,0.29183137,0.30356812,0.5030829,0.3404895,False
dataset\3—Û¥–»‚∆¨_»•∑«≤À\false_sougou__000718.jpg,0.45384905,0.40250927,0.45933467,0.40555307,0.51164335,0.49465102,0.51203525,0.42819393,False
dataset\3—Û¥–»‚∆¨_»•∑«≤À\false_sougou__000719.jpg,0.4823807,0.35924232,0.3944562,0.38564068,0.55331933,0.41871393,0.52169377,0.42987964,True
dataset\3—Û¥–»‚∆¨_»•∑«≤À\false_sougou__000720.jpg,0.28035092,0.19505736,0.20480347,0.3695922,0.30801558,0.21976197,0.31775403,0.33219042,False
dataset\3—Û¥–»‚∆¨_»•∑«≤À\false_sougou__000721.jpg,0.41545796,0.3575318,0.35359564,0.371454,0.46733496,0.42775178,0.45456672,0.43199492,False
dataset\3—Û¥–»‚∆¨_»•∑«≤À\false_sougou__000722.jpg,0.30147254,0.33222198,0.34775332,0.30134815,0.30099946,0.37135988,0.35127416,0.33741277,False
dataset\3—Û¥–»‚∆¨_»•∑«≤À\false_sougou__000726.jpg,0.40403765,0.28061867,0.30120337,0.36189187,0.5400289,0.3401013,0.41976076,0.33208245,False
dataset\3—Û¥–»‚∆¨_»•∑«≤À\false_sougou__000727.jpg,0.44482303,0.4175861,0.55594087,0.4584043,0.43218455,0.46766484,0.5206257,0.44936347,True
dataset\3—Û¥–»‚∆¨_»•∑«≤À\false_sougou__000733.jpg,0.48287588,0.32741058,0.3953371,0.43288252,0.5020595,0.40539774,0.50936997,0.45219317,False
dataset\3—Û¥–»‚∆¨_»•∑«≤À\false_sougou__000734.jpg,0.4097374,0.42005485,0.39206886,0.48244134,0.40892708,0.48763937,0.3751716,0.38607392,False
dataset\3—Û¥–»‚∆¨_»•∑«≤À\false_sougou__000735.jpg,0.29191616,0.18100773,0.20101455,0.26917058,0.37596256,0.16854236,0.2602701,0.23152639,False
dataset\3—Û¥–»‚∆¨_»•∑«≤À\false_sougou__000736.jpg,0.43618634,0.43641308,0.58650815,0.41293156,0.4476226,0.50729644,0.5390538,0.46977317,True
dataset\3—Û¥–»‚∆¨_»•∑«≤À\false_sougou__000737.jpg,0.38889337,0.27380553,0.36829454,0.4734487,0.5642487,0.35643786,0.3906413,0.45085764,True
dataset\3—Û¥–»‚∆¨_»•∑«≤À\false_sougou__000740.jpg,0.12905656,0.10316779,0.10043946,0.17859393,0.16243657,0.13593693,0.115233555,0.13991864,False
dataset\3—Û¥–»‚∆¨_»•∑«≤À\false_sougou__000741.jpg,0.2893188,0.34323257,0.37636936,0.37793925,0.35082144,0.3548236,0.35609758,0.42173088,False
dataset\3—Û¥–»‚∆¨_»•∑«≤À\false_sougou__000743.jpg,0.42185846,0.31864008,0.34644282,0.4061829,0.43214232,0.38209924,0.42228782,0.4266163,False
dataset\3—Û¥–»‚∆¨_»•∑«≤À\false_sougou__000744.jpg,0.34980628,0.28093997,0.39383054,0.31644484,0.4761522,0.4023962,0.43576124,0.4083423,False
dataset\3—Û¥–»‚∆¨_»•∑«≤À\false_sougou__000746.jpg,0.35528216,0.3253733,0.3861457,0.35024297,0.5078315,0.3773083,0.5077702,0.400294,False
dataset\3—Û¥–»‚∆¨_»•∑«≤À\false_sougou__000748.jpg,0.3086354,0.27199596,0.34474963,0.40617403,0.43449384,0.3413312,0.35925347,0.41810453,False
dataset\3—Û¥–»‚∆¨_»•∑«≤À\false_sougou__000750.jpg,0.3859378,0.25066888,0.2985636,0.420779,0.4083073,0.32247472,0.3740912,0.35618111,False
dataset\3—Û¥–»‚∆¨_»•∑«≤À\false_sougou__000751.jpg,0.17720692,0.22632682,0.24441399,0.22646496,0.2165887,0.27517283,0.28858343,0.28948018,False
dataset\3—Û¥–»‚∆¨_»•∑«≤À\false_sougou__000755.jpg,0.25728124,0.21543291,0.22706982,0.34894782,0.2652793,0.23329923,0.2654064,0.30051523,False
dataset\3—Û¥–»‚∆¨_»•∑«≤À\false_sougou__000756.jpg,0.2177254,0.21969461,0.18857375,0.20831223,0.2040962,0.21285054,0.27868664,0.29038787,False
dataset\3—Û¥–»‚∆¨_»•∑«≤À\false_sougou__000760.jpg,0.28163552,0.18967232,0.21590108,0.19958928,0.31666416,0.1914899,0.2879711,0.2468547,False
dataset\3—Û¥–»‚∆¨_»•∑«≤À\false_sougou__000764.jpg,0.42457834,0.4240008,0.550446,0.36830473,0.5373958,0.43685752,0.52976614,0.44761276,True
dataset\3—Û¥–»‚∆¨_»•∑«≤À\false_sougou__000765.jpg,0.2948851,0.25815362,0.35604286,0.23034246,0.4147992,0.30282652,0.44369534,0.42736894,False
dataset\3—Û¥–»‚∆¨_»•∑«≤À\false_sougou__000771.jpg,0.37558854,0.36365953,0.49417076,0.3583256,0.4321787,0.43044743,0.47349963,0.42142653,False
dataset\3—Û¥–»‚∆¨_»•∑«≤À\false_sougou__000773.jpg,0.3314149,0.39741942,0.42100957,0.3831114,0.31642735,0.44085696,0.44773364,0.3938067,False
dataset\3—Û¥–»‚∆¨_»•∑«≤À\false_sougou__000776.jpg,0.34481457,0.35600764,0.43387422,0.35468394,0.39558882,0.35763782,0.5288589,0.4009147,False
dataset\3—Û¥–»‚∆¨_»•∑«≤À\false_sougou__000777.jpg,0.24642941,0.27685976,0.34165645,0.23285818,0.23371519,0.26294208,0.36243385,0.27423358,False
dataset\3—Û¥–»‚∆¨_»•∑«≤À\false_sougou__000780.jpg,0.43825948,0.2878757,0.2974498,0.3780526,0.42356318,0.30733478,0.4112273,0.34336984,False
dataset\3—Û¥–»‚∆¨_»•∑«≤À\false_sougou__000784.jpg,0.18360123,0.2186429,0.23461512,0.15847169,0.26366675,0.18932281,0.21858256,0.1923575,False
dataset\3—Û¥–»‚∆¨_»•∑«≤À\false_sougou__000785.jpg,0.34691674,0.29963723,0.28836435,0.32321304,0.34107423,0.3439748,0.32803398,0.30306235,False
dataset\3—Û¥–»‚∆¨_»•∑«≤À\false_sougou__000788.jpg,0.27285734,0.16601352,0.17819372,0.15372245,0.18282107,0.18500122,0.19498837,0.19052704,False
dataset\3—Û¥–»‚∆¨_»•∑«≤À\false_sougou__000790.jpg,0.29560697,0.3199103,0.41007495,0.38608515,0.38578945,0.37500322,0.421577,0.42188722,False
dataset\3—Û¥–»‚∆¨_»•∑«≤À\false_sougou__000794.jpg,0.24132529,0.2270978,0.25570497,0.24798542,0.25383136,0.2652343,0.27062094,0.27197462,False
dataset\3—Û¥–»‚∆¨_»•∑«≤À\false_sougou__000801.jpg,0.35247356,0.37037832,0.44467986,0.2897563,0.42958093,0.3697793,0.48861948,0.42835018,False
dataset\3—Û¥–»‚∆¨_»•∑«≤À\false_sougou__000803.jpg,0.31584808,0.24590032,0.26345277,0.2687212,0.33560866,0.31560156,0.318237,0.26798552,False
dataset\3—Û¥–»‚∆¨_»•∑«≤À\false_sougou__000804.jpg,0.34994662,0.41472164,0.50641084,0.35595956,0.41945523,0.42653972,0.5344317,0.44172665,False
dataset\3—Û¥–»‚∆¨_»•∑«≤À\false_sougou__000805.jpg,0.16013147,0.18009672,0.18194064,0.18533525,0.19799756,0.20587769,0.21126902,0.21558866,False
dataset\3—Û¥–»‚∆¨_»•∑«≤À\false_sougou__000810.jpg,0.28514272,0.16483063,0.18653736,0.4045502,0.33369142,0.2244129,0.25764382,0.29120505,False
dataset\3—Û¥–»‚∆¨_»•∑«≤À\false_sougou__000814.jpg,0.3584715,0.32676053,0.36644572,0.30087733,0.35674098,0.37709105,0.3566298,0.34016103,False
dataset\3—Û¥–»‚∆¨_»•∑«≤À\false_sougou__000815.jpg,0.4097548,0.3787302,0.40726486,0.3727105,0.35054117,0.41534793,0.40981913,0.3282997,False
dataset\3—Û¥–»‚∆¨_»•∑«≤À\false_sougou__000818.jpg,0.41976428,0.23328727,0.23959583,0.38673478,0.39015818,0.30819076,0.3146664,0.2962191,False
dataset\3—Û¥–»‚∆¨_»•∑«≤À\true_bing__000002.jpg,0.18275815,0.16428763,0.1923639,0.38235968,0.20993567,0.21105397,0.22254416,0.24163717,False
dataset\3—Û¥–»‚∆¨_»•∑«≤À\true_bing__000003.jpg,0.2744187,0.30267698,0.29744363,0.280778,0.3393637,0.29736596,0.29369158,0.2230891,False
dataset\3—Û¥–»‚∆¨_»•∑«≤À\true_bing__000004.jpg,0.4468992,0.34226102,0.4557436,0.31966567,0.4504682,0.36421055,0.48454693,0.4437854,False
dataset\3—Û¥–»‚∆¨_»•∑«≤À\true_bing__000005.jpg,0.36799055,0.3995633,0.47186163,0.34609663,0.5214312,0.42564905,0.53676355,0.48032042,False
dataset\3—Û¥–»‚∆¨_»•∑«≤À\true_bing__000006.jpg,0.46992818,0.2802984,0.3462237,0.32444188,0.50998265,0.3676987,0.44443282,0.4003962,False
dataset\3—Û¥–»‚∆¨_»•∑«≤À\true_bing__000007.jpg,0.44207358,0.4015017,0.4738116,0.37331903,0.51075816,0.4644659,0.52638257,0.45773852,False
dataset\3—Û¥–»‚∆¨_»•∑«≤À\true_bing__000008.jpg,0.3347757,0.31780115,0.3266925,0.31152847,0.32197386,0.3799641,0.34611663,0.3413498,False
dataset\3—Û¥–»‚∆¨_»•∑«≤À\true_bing__000010.jpg,0.45454696,0.3234368,0.46909162,0.42082894,0.53570706,0.4188357,0.49389163,0.433608,False
dataset\3—Û¥–»‚∆¨_»•∑«≤À\true_bing__000012.jpg,0.44104588,0.365758,0.40152034,0.38982463,0.50921905,0.40361917,0.46254402,0.4145429,False
dataset\3—Û¥–»‚∆¨_»•∑«≤À\true_bing__000013.jpg,0.51397943,0.39648318,0.5541913,0.3985918,0.50473726,0.45850247,0.6364701,0.5487232,True
dataset\3—Û¥–»‚∆¨_»•∑«≤À\true_bing__000016.jpg,0.33004382,0.28922457,0.3280623,0.32887703,0.34359282,0.33213404,0.33988404,0.31751564,False
dataset\3—Û¥–»‚∆¨_»•∑«≤À\true_bing__000017.jpg,0.44429737,0.36196598,0.4586602,0.352068,0.4125957,0.3935034,0.4915285,0.42631036,False
dataset\3—Û¥–»‚∆¨_»•∑«≤À\true_bing__000018.jpg,0.50365084,0.31806648,0.40959668,0.32391393,0.48403227,0.3524596,0.5564343,0.42899048,True
dataset\3—Û¥–»‚∆¨_»•∑«≤À\true_bing__000019.jpg,0.26469547,0.26004046,0.3470113,0.28095257,0.31024048,0.27671343,0.31971973,0.3211062,False
dataset\3—Û¥–»‚∆¨_»•∑«≤À\true_bing__000021.jpg,0.43384564,0.3714329,0.43733045,0.3963824,0.4850822,0.39461762,0.49558985,0.44219166,False
dataset\3—Û¥–»‚∆¨_»•∑«≤À\true_bing__000022.jpg,0.43073958,0.36599723,0.44417945,0.35519132,0.4622311,0.38903826,0.44865677,0.4125614,False
dataset\3—Û¥–»‚∆¨_»•∑«≤À\true_bing__000023.jpg,0.4607656,0.38806954,0.47586226,0.4587787,0.5022631,0.4568647,0.49148893,0.4379429,False
dataset\3—Û¥–»‚∆¨_»•∑«≤À\true_bing__000024.jpg,0.53289,0.29803252,0.36305624,0.36861938,0.4447769,0.37054116,0.4127108,0.40233684,False
dataset\3—Û¥–»‚∆¨_»•∑«≤À\true_bing__000027.jpg,1.0,0.33998543,0.37739694,0.40979987,0.39992237,0.3936581,0.4141544,0.38812673,True
dataset\3—Û¥–»‚∆¨_»•∑«≤À\true_bing__000030.jpg,0.42696851,0.31466946,0.4072752,0.40046895,0.34596276,0.445688,0.4130692,0.36500412,False
dataset\3—Û¥–»‚∆¨_»•∑«≤À\true_bing__000031.jpg,0.5445369,0.30698702,0.3601126,0.42452583,0.34199792,0.37568668,0.45360446,0.387887,False
dataset\3—Û¥–»‚∆¨_»•∑«≤À\true_bing__000033.jpg,0.38945478,0.3287532,0.45750087,0.32526314,0.48979202,0.4169274,0.4689665,0.4300663,False
dataset\3—Û¥–»‚∆¨_»•∑«≤À\true_bing__000034.jpg,0.45151067,0.3782992,0.43541306,0.4629941,0.51243585,0.45019096,0.48023793,0.4343078,False
dataset\3—Û¥–»‚∆¨_»•∑«≤À\true_bing__000036.jpg,0.44941175,0.2473726,0.26512742,0.4359886,0.41788298,0.3314749,0.3090043,0.30592927,False
dataset\3—Û¥–»‚∆¨_»•∑«≤À\true_bing__000042.jpg,0.46420032,0.25555435,0.3178765,0.2899806,0.3371697,0.2958632,0.34584838,0.32064933,False
dataset\3—Û¥–»‚∆¨_»•∑«≤À\true_bing__000044.jpg,0.44130224,0.46438244,0.5522801,0.5082043,0.54677534,0.52213275,0.5553317,0.5289296,True
dataset\3—Û¥–»‚∆¨_»•∑«≤À\true_bing__000045.jpg,0.492685,0.30937105,0.36943287,0.41089246,0.5571595,0.35181478,0.46376815,0.42234838,True
dataset\3—Û¥–»‚∆¨_»•∑«≤À\true_bing__000047.jpg,0.4131798,0.44122463,0.55267984,0.40750673,0.47613108,0.47998002,0.5524821,0.44320887,True
dataset\3—Û¥–»‚∆¨_»•∑«≤À\true_bing__000049.jpg,0.3944248,0.38608736,0.5174019,0.35533917,0.5472281,0.4423784,0.55564094,0.46860635,True
dataset\3—Û¥–»‚∆¨_»•∑«≤À\true_bing__000053.jpg,0.49623293,0.3655362,0.43965364,0.32722378,0.5745355,0.4137997,0.5486109,0.43478048,True
dataset\3—Û¥–»‚∆¨_»•∑«≤À\true_bing__000054.jpg,0.23885676,0.15387088,0.16267799,0.16794634,0.39216954,0.17947322,0.25833046,0.20899971,False
dataset\3—Û¥–»‚∆¨_»•∑«≤À\true_bing__000056.jpg,0.33998543,0.99999976,0.42990947,0.30235767,0.33767784,0.51539695,0.40733218,0.352105,True
dataset\3—Û¥–»‚∆¨_»•∑«≤À\true_bing__000060.jpg,0.20839381,0.19392192,0.26002058,0.19261032,0.25982124,0.21951279,0.27841273,0.29178035,False
dataset\3—Û¥–»‚∆¨_»•∑«≤À\true_bing__000062.jpg,0.2937315,0.28346437,0.28783178,0.29634607,0.40139914,0.27539143,0.26912463,0.2360188,False
dataset\3—Û¥–»‚∆¨_»•∑«≤À\true_bing__000063.jpg,0.51421463,0.3584934,0.47653967,0.41549164,0.4540393,0.4085947,0.48780227,0.4430207,False
dataset\3—Û¥–»‚∆¨_»•∑«≤À\true_bing__000064.jpg,0.38253152,0.30075207,0.3863567,0.4224257,0.34480157,0.30709812,0.39703286,0.3823794,False
dataset\3—Û¥–»‚∆¨_»•∑«≤À\true_bing__000065.jpg,0.3873796,0.21958204,0.23908336,0.32478273,0.41788375,0.30169198,0.40545815,0.3153736,False
dataset\3—Û¥–»‚∆¨_»•∑«≤À\true_bing__000069.jpg,0.44026878,0.38864252,0.46574587,0.45973724,0.4918479,0.46315277,0.46883878,0.44211453,False
dataset\3—Û¥–»‚∆¨_»•∑«≤À\true_bing__000070.jpg,0.531728,0.40237674,0.45420375,0.45337677,0.42758736,0.49969813,0.53007835,0.46244487,False
dataset\3—Û¥–»‚∆¨_»•∑«≤À\true_bing__000072.jpg,0.33257023,0.25113183,0.38226333,0.27300557,0.37781733,0.29961115,0.396849,0.36626709,False
dataset\3—Û¥–»‚∆¨_»•∑«≤À\true_bing__000073.jpg,0.4657371,0.35214287,0.4538229,0.4228384,0.5100012,0.42477918,0.5596477,0.48381007,True
dataset\3—Û¥–»‚∆¨_»•∑«≤À\true_bing__000074.jpg,0.3753991,0.37995112,0.44039077,0.2881858,0.45681906,0.4132781,0.5527402,0.38732594,True
dataset\3—Û¥–»‚∆¨_»•∑«≤À\true_bing__000075.jpg,0.51546055,0.28828466,0.3493345,0.34120965,0.52516925,0.35036,0.47802553,0.3869968,False
dataset\3—Û¥–»‚∆¨_»•∑«≤À\true_bing__000076.jpg,0.38562614,0.30942547,0.47831702,0.31147453,0.5023051,0.39692673,0.47221974,0.4189242,False
dataset\3—Û¥–»‚∆¨_»•∑«≤À\true_bing__000077.jpg,0.41498166,0.31994796,0.44749245,0.38891134,0.40402514,0.39749998,0.44434854,0.6486734,True
dataset\3—Û¥–»‚∆¨_»•∑«≤À\true_bing__000079.jpg,0.37739694,0.42990947,0.9999999,0.3479284,0.40915343,0.4317106,0.51369214,0.4878359,True
dataset\3—Û¥–»‚∆¨_»•∑«≤À\true_bing__000082.jpg,0.34407842,0.3053699,0.4131981,0.2937929,0.40017092,0.3463965,0.42100266,0.3654837,False
dataset\3—Û¥–»‚∆¨_»•∑«≤À\true_bing__000083.jpg,0.50481427,0.37156725,0.43558198,0.4742264,0.47931898,0.43279687,0.49192184,0.3980412,False
dataset\3—Û¥–»‚∆¨_»•∑«≤À\true_bing__000086.jpg,0.3118221,0.1590354,0.20376466,0.3377315,0.338728,0.21737123,0.28699967,0.25004086,False
dataset\3—Û¥–»‚∆¨_»•∑«≤À\true_bing__000089.jpg,0.4225121,0.34854668,0.43723667,0.316711,0.4888064,0.36830336,0.50640184,0.41848046,False
dataset\3—Û¥–»‚∆¨_»•∑«≤À\true_bing__000091.jpg,0.48123318,0.42214528,0.49221802,0.5064851,0.63996017,0.50615114,0.57471824,0.50127375,True
dataset\3—Û¥–»‚∆¨_»•∑«≤À\true_bing__000094.jpg,0.40979987,0.30235767,0.3479284,1.0000001,0.37581724,0.39027715,0.36511502,0.3828549,True
dataset\3—Û¥–»‚∆¨_»•∑«≤À\true_bing__000099.jpg,0.59106505,0.29956824,0.38317838,0.3182562,0.40533412,0.31905437,0.433019,0.39661086,True
dataset\3—Û¥–»‚∆¨_»•∑«≤À\true_bing__000100.jpg,0.4072091,0.33921856,0.35938996,0.3281963,0.512998,0.39746007,0.47209972,0.41940486,False
dataset\3—Û¥–»‚∆¨_»•∑«≤À\true_bing__000103.jpg,0.30691963,0.2700423,0.32095683,0.32812452,0.41492105,0.30864072,0.37915787,0.33449173,False
dataset\3—Û¥–»‚∆¨_»•∑«≤À\true_bing__000105.jpg,0.3644578,0.35972178,0.40027145,0.37928677,0.36495468,0.41174918,0.41378883,0.4223625,False
dataset\3—Û¥–»‚∆¨_»•∑«≤À\true_bing__000106.jpg,0.1988472,0.15934737,0.19237536,0.2931937,0.22988369,0.18124197,0.22460707,0.21488716,False
dataset\3—Û¥–»‚∆¨_»•∑«≤À\true_bing__000108.jpg,0.5012836,0.29764646,0.34070095,0.44840556,0.46721387,0.38891476,0.47978476,0.38056093,False
dataset\3—Û¥–»‚∆¨_»•∑«≤À\true_bing__000109.jpg,0.48871705,0.40980226,0.58842325,0.45418411,0.5927019,0.46581602,0.6434223,0.5527214,True
dataset\3—Û¥–»‚∆¨_»•∑«≤À\true_bing__000115.jpg,0.5337282,0.3939046,0.4689008,0.40822417,0.46704948,0.44168794,0.50499094,0.474825,False
dataset\3—Û¥–»‚∆¨_»•∑«≤À\true_bing__000119.jpg,0.41208145,0.20804538,0.1820875,0.3451258,0.3132315,0.3077297,0.28475115,0.3115499,False
dataset\3—Û¥–»‚∆¨_»•∑«≤À\true_bing__000121.jpg,0.38505352,0.37974834,0.47823024,0.30298045,0.38337082,0.3688327,0.517779,0.41452628,False
dataset\3—Û¥–»‚∆¨_»•∑«≤À\true_bing__000123.jpg,0.4506514,0.42186818,0.49774188,0.4430977,0.56513685,0.50011396,0.556141,0.53350085,True
dataset\3—Û¥–»‚∆¨_»•∑«≤À\true_bing__000125.jpg,0.4461797,0.36045468,0.44498911,0.36945146,0.38990918,0.4391121,0.45480782,0.3738941,False
dataset\3—Û¥–»‚∆¨_»•∑«≤À\true_bing__000129.jpg,0.45661262,0.30006173,0.35036206,0.46164304,0.4797667,0.4003827,0.45676988,0.4154626,False
dataset\3—Û¥–»‚∆¨_»•∑«≤À\true_bing__000130.jpg,0.4056406,0.26225036,0.27037883,0.376089,0.445518,0.31778347,0.40490717,0.3761717,False
dataset\3—Û¥–»‚∆¨_»•∑«≤À\true_bing__000131.jpg,0.37745196,0.17182946,0.20015143,0.41023764,0.22796363,0.20754465,0.21356581,0.2156846,False
dataset\3—Û¥–»‚∆¨_»•∑«≤À\true_bing__000133.jpg,0.3762813,0.43835115,0.5841737,0.40916377,0.4036227,0.44287097,0.52268463,0.47601134,True
dataset\3—Û¥–»‚∆¨_»•∑«≤À\true_bing__000136.jpg,0.42671645,0.40092573,0.53195274,0.40168998,0.61083305,0.45292792,0.5462119,0.49482554,True
dataset\3—Û¥–»‚∆¨_»•∑«≤À\true_bing__000137.jpg,0.33861953,0.30181247,0.4305384,0.3235595,0.55024564,0.3338549,0.41775274,0.37645453,True
dataset\3—Û¥–»‚∆¨_»•∑«≤À\true_bing__000143.jpg,0.39360034,0.38740993,0.46372446,0.36008984,0.41141292,0.37612993,0.4812355,0.3960096,False
dataset\3—Û¥–»‚∆¨_»•∑«≤À\true_bing__000144.jpg,0.46389464,0.46488172,0.5367024,0.4303555,0.48636883,0.5318905,0.5715894,0.5250935,True
dataset\3—Û¥–»‚∆¨_»•∑«≤À\true_bing__000147.jpg,0.5314175,0.35006717,0.39085597,0.43756658,0.53657305,0.40457398,0.52966803,0.47121158,False
dataset\3—Û¥–»‚∆¨_»•∑«≤À\true_bing__000150.jpg,0.54980326,0.48001862,0.5309742,0.42546737,0.50502074,0.50084627,0.5675399,0.49324983,True
dataset\3—Û¥–»‚∆¨_»•∑«≤À\true_bing__000158.jpg,0.28758562,0.21740586,0.23928909,0.23730814,0.32241967,0.2705812,0.33500725,0.25472957,False
dataset\3—Û¥–»‚∆¨_»•∑«≤À\true_bing__000161.jpg,0.592219,0.41485336,0.47754923,0.49877757,0.45120186,0.48301482,0.5133225,0.5172517,True
dataset\3—Û¥–»‚∆¨_»•∑«≤À\true_bing__000163.jpg,0.33905274,0.28276086,0.3961238,0.29651523,0.39567214,0.32221025,0.4124037,0.3432681,False
dataset\3—Û¥–»‚∆¨_»•∑«≤À\true_bing__000165.jpg,0.38947788,0.42162994,0.51780015,0.4209764,0.47438818,0.4645403,0.5258806,0.53019047,False
dataset\3—Û¥–»‚∆¨_»•∑«≤À\true_bing__000172.jpg,0.39992237,0.33767784,0.40915343,0.37581724,1.0,0.40399653,0.48334455,0.4233465,True
dataset\3—Û¥–»‚∆¨_»•∑«≤À\true_bing__000175.jpg,0.45100778,0.41093877,0.50733507,0.36897746,0.5340456,0.47056824,0.522477,0.4614415,False
dataset\3—Û¥–»‚∆¨_»•∑«≤À\true_bing__000176.jpg,0.43542236,0.17905548,0.20451155,0.38542843,0.30788335,0.22618908,0.28586614,0.31072074,False
dataset\3—Û¥–»‚∆¨_»•∑«≤À\true_bing__000178.jpg,0.29040283,0.26224658,0.38273185,0.22871189,0.3800603,0.28580278,0.4701803,0.36051667,False
dataset\3—Û¥–»‚∆¨_»•∑«≤À\true_bing__000183.jpg,0.3936581,0.51539695,0.4317106,0.39027715,0.40399653,1.0000002,0.43547386,0.4299357,True
dataset\3—Û¥–»‚∆¨_»•∑«≤À\true_bing__000186.jpg,0.32623702,0.39302057,0.46873266,0.2731695,0.3833584,0.38254306,0.55208105,0.41336608,True
dataset\3—Û¥–»‚∆¨_»•∑«≤À\true_bing__000188.jpg,0.40517104,0.3889871,0.52925617,0.3510245,0.5360008,0.4451442,0.5527804,0.46355385,True
dataset\3—Û¥–»‚∆¨_»•∑«≤À\true_bing__000190.jpg,0.32740307,0.29320872,0.34287012,0.24361202,0.35521287,0.3262841,0.3706703,0.3111977,False
dataset\3—Û¥–»‚∆¨_»•∑«≤À\true_bing__000192.jpg,0.39555082,0.21101351,0.2707197,0.44664747,0.45212615,0.29767567,0.36506358,0.38279083,False
dataset\3—Û¥–»‚∆¨_»•∑«≤À\true_bing__000200.jpg,0.10173247,0.05752059,0.060973775,0.05212841,0.06750092,0.045280673,0.07070013,0.065197825,False
dataset\3—Û¥–»‚∆¨_»•∑«≤À\true_bing__000202.jpg,0.409808,0.37144104,0.45987403,0.4038859,0.40366274,0.38669348,0.5344682,0.44547594,False
dataset\3—Û¥–»‚∆¨_»•∑«≤À\true_bing__000203.jpg,0.40594903,0.3806311,0.48342448,0.31439096,0.5796788,0.4314182,0.5628408,0.480234,True
dataset\3—Û¥–»‚∆¨_»•∑«≤À\true_bing__000204.jpg,0.40781447,0.43748814,0.49885142,0.36561403,0.4150943,0.43865168,0.5878076,0.4783769,True
dataset\3—Û¥–»‚∆¨_»•∑«≤À\true_bing__000209.jpg,0.37499365,0.18339716,0.23026912,0.41139597,0.31442246,0.22715989,0.31415686,0.31401592,False
dataset\3—Û¥–»‚∆¨_»•∑«≤À\true_bing__000212.jpg,0.29738104,0.21814767,0.26555753,0.25780147,0.25467598,0.220759,0.41992074,0.28706026,False
dataset\3—Û¥–»‚∆¨_»•∑«≤À\true_bing__000214.jpg,0.36716518,0.2549485,0.2698858,0.21227843,0.33254233,0.2603063,0.3872117,0.27744234,False
dataset\3—Û¥–»‚∆¨_»•∑«≤À\true_bing__000215.jpg,0.356651,0.36109245,0.45615014,0.27373964,0.39718926,0.39328167,0.5147574,0.43835622,False
dataset\3—Û¥–»‚∆¨_»•∑«≤À\true_bing__000226.jpg,0.39074403,0.30533326,0.36850595,0.44133732,0.29595464,0.3391646,0.3847295,0.3694914,False
dataset\3—Û¥–»‚∆¨_»•∑«≤À\true_bing__000230.jpg,0.38242263,0.33424705,0.3891806,0.33196634,0.47666892,0.3597347,0.48376665,0.4046289,False
dataset\3—Û¥–»‚∆¨_»•∑«≤À\true_bing__000231.jpg,0.37329406,0.35571814,0.53940165,0.36574227,0.464602,0.3983076,0.48563313,0.46769154,False
dataset\3—Û¥–»‚∆¨_»•∑«≤À\true_bing__000234.jpg,0.33320946,0.22358122,0.27177727,0.25253218,0.4251547,0.29022184,0.39795268,0.30360496,False
dataset\3—Û¥–»‚∆¨_»•∑«≤À\true_bing__000240.jpg,0.4141544,0.40733218,0.51369214,0.36511502,0.48334455,0.43547386,1.0000002,0.46401098,True
dataset\3—Û¥–»‚∆¨_»•∑«≤À\true_bing__000246.jpg,0.43376195,0.42672485,0.52263,0.3822137,0.49956676,0.47645223,0.58012235,0.49212468,True
dataset\3—Û¥–»‚∆¨_»•∑«≤À\true_bing__000251.jpg,0.44800344,0.41999438,0.5636032,0.41530755,0.50625134,0.49082908,0.57438403,0.50772524,True
dataset\3—Û¥–»‚∆¨_»•∑«≤À\true_bing__000252.jpg,0.37961864,0.35579473,0.4000061,0.3198954,0.46316516,0.38443995,0.43312427,0.39728928,False
dataset\3—Û¥–»‚∆¨_»•∑«≤À\true_bing__000253.jpg,0.37221307,0.47535998,0.54301465,0.3355104,0.44694155,0.48755482,0.57669955,0.50253594,True
dataset\3—Û¥–»‚∆¨_»•∑«≤À\true_bing__000255.jpg,0.4255668,0.41327336,0.53923756,0.32910222,0.5508512,0.41903836,0.60077477,0.52023256,True
dataset\3—Û¥–»‚∆¨_»•∑«≤À\true_bing__000261.jpg,0.368914,0.34741938,0.43582946,0.2892074,0.36283088,0.33575305,0.52702594,0.40338758,False
dataset\3—Û¥–»‚∆¨_»•∑«≤À\true_bing__000262.jpg,0.35782814,0.38420284,0.49744153,0.32867032,0.46503484,0.40018117,0.52358496,0.47049883,False
dataset\3—Û¥–»‚∆¨_»•∑«≤À\true_bing__000265.jpg,0.29204214,0.31188875,0.30260593,0.28392735,0.30683702,0.3688121,0.32941538,0.3158872,False
dataset\3—Û¥–»‚∆¨_»•∑«≤À\true_bing__000266.jpg,0.36173165,0.3091255,0.29257646,0.27573508,0.32962814,0.31219137,0.33799744,0.32849482,False
dataset\3—Û¥–»‚∆¨_»•∑«≤À\true_bing__000267.jpg,0.39768672,0.43158385,0.49058163,0.36277974,0.3649956,0.4673133,0.4716075,0.4333825,False
dataset\3—Û¥–»‚∆¨_»•∑«≤À\true_bing__000269.jpg,0.5638325,0.20443496,0.19361344,0.25532767,0.32610488,0.23740055,0.3056252,0.2835148,True
dataset\3—Û¥–»‚∆¨_»•∑«≤À\true_bing__000280.jpg,0.41828537,0.31437445,0.44309288,0.33350074,0.5787271,0.3493778,0.5511714,0.4812327,True
dataset\3—Û¥–»‚∆¨_»•∑«≤À\true_bing__000281.jpg,0.43745735,0.26029366,0.27970195,0.2628109,0.45217383,0.26200116,0.5005082,0.3569609,False
dataset\3—Û¥–»‚∆¨_»•∑«≤À\true_bing__000286.jpg,0.34292895,0.37770152,0.49614796,0.33061963,0.36713892,0.40076518,0.510998,0.4028561,False
dataset\3—Û¥–»‚∆¨_»•∑«≤À\true_bing__000298.jpg,0.45119312,0.24845025,0.36105013,0.34664494,0.40682745,0.35468477,0.3660587,0.31768203,False
dataset\3—Û¥–»‚∆¨_»•∑«≤À\true_bing__000302.jpg,0.3611245,0.37063318,0.515411,0.4054131,0.44136494,0.4325142,0.52183384,0.4650537,False
dataset\3—Û¥–»‚∆¨_»•∑«≤À\true_bing__000303.jpg,0.31342265,0.14929947,0.15000191,0.3072932,0.2545126,0.17312984,0.2512355,0.19990264,False
dataset\3—Û¥–»‚∆¨_»•∑«≤À\true_bing__000309.jpg,0.38812673,0.352105,0.4878359,0.3828549,0.4233465,0.4299357,0.46401098,1.0000002,True
dataset\3—Û¥–»‚∆¨_»•∑«≤À\true_bing__000311.jpg,0.23043129,0.21699396,0.20226198,0.30020136,0.21109316,0.28867385,0.21849237,0.24554747,False
dataset\3—Û¥–»‚∆¨_»•∑«≤À\true_bing__000316.jpg,0.3004692,0.23349991,0.22719425,0.2913687,0.31338167,0.29217052,0.2652353,0.25884575,False
dataset\3—Û¥–»‚∆¨_»•∑«≤À\true_bing__000318.jpg,0.39833927,0.3929564,0.41996908,0.324987,0.40824786,0.42998284,0.5188561,0.42618614,False
dataset\3—Û¥–»‚∆¨_»•∑«≤À\true_bing__000320.jpg,0.39267015,0.27234387,0.37450385,0.34759897,0.36051717,0.32968378,0.47646075,0.32893464,False
dataset\3—Û¥–»‚∆¨_»•∑«≤À\true_bing__000321.jpg,0.48942882,0.28363878,0.37877277,0.40395766,0.5056072,0.3453161,0.45243096,0.3896033,False
dataset\3—Û¥–»‚∆¨_»•∑«≤À\true_bing__000322.jpg,0.45292222,0.34798822,0.39992577,0.45235327,0.44659334,0.38914487,0.40456378,0.4659316,False
dataset\3—Û¥–»‚∆¨_»•∑«≤À\true_bing__000325.jpg,0.17632206,0.15494579,0.20751601,0.1555137,0.18602306,0.19361933,0.28238118,0.21482703,False
dataset\3—Û¥–»‚∆¨_»•∑«≤À\true_bing__000327.jpg,0.3360005,0.39095634,0.42551804,0.4200924,0.25686097,0.44282633,0.41683745,0.3354102,False
dataset\3—Û¥–»‚∆¨_»•∑«≤À\true_bing__000332.jpg,0.39736366,0.40191787,0.4066664,0.3620215,0.4406358,0.4633743,0.46849218,0.4423626,False
dataset\3—Û¥–»‚∆¨_»•∑«≤À\true_bing__000335.jpg,0.43910047,0.331478,0.4473378,0.3163289,0.5367827,0.35761878,0.5792037,0.48363337,True
dataset\3—Û¥–»‚∆¨_»•∑«≤À\true_bing__000338.jpg,0.3313278,0.19491671,0.21789762,0.24606894,0.27471903,0.22772793,0.27868807,0.2782608,False
dataset\3—Û¥–»‚∆¨_»•∑«≤À\true_bing__000339.jpg,0.18402113,0.14582787,0.19495153,0.3596108,0.2302188,0.17148688,0.2668252,0.2139859,False
dataset\3—Û¥–»‚∆¨_»•∑«≤À\true_bing__000341.jpg,0.20602053,0.20202205,0.2125313,0.24870962,0.22686267,0.20826319,0.22942473,0.22638619,False
dataset\3—Û¥–»‚∆¨_»•∑«≤À\true_bing__000353.jpg,0.3753328,0.40200895,0.505265,0.41712272,0.46336564,0.40761435,0.49943757,0.4225747,False
dataset\3—Û¥–»‚∆¨_»•∑«≤À\true_bing__000374.jpg,0.37883133,0.40816694,0.49745148,0.37553343,0.45129576,0.4502266,0.5326479,0.48926044,False
dataset\3—Û¥–»‚∆¨_»•∑«≤À\true_bing__000376.jpg,0.4331112,0.35384727,0.4405326,0.3277759,0.5336573,0.41243103,0.5030463,0.446779,False
dataset\3—Û¥–»‚∆¨_»•∑«≤À\true_bing__000377.jpg,0.41900986,0.31784317,0.3410197,0.35112187,0.5297858,0.38675284,0.43276006,0.4242009,False
dataset\3—Û¥–»‚∆¨_»•∑«≤À\true_bing__000379.jpg,0.35382038,0.36090958,0.48424384,0.39303634,0.44047195,0.39481816,0.4873107,0.49246663,False
dataset\3—Û¥–»‚∆¨_»•∑«≤À\true_bing__000380.jpg,0.22617269,0.15375787,0.1677544,0.30734047,0.20583558,0.21537912,0.18701932,0.1891296,False
dataset\3—Û¥–»‚∆¨_»•∑«≤À\true_bing__000389.jpg,0.36068717,0.29539406,0.34217554,0.3132688,0.40691978,0.34820712,0.3832345,0.33555323,False
dataset\3—Û¥–»‚∆¨_»•∑«≤À\true_bing__000390.jpg,0.21431293,0.12496844,0.142551,0.32986388,0.19558558,0.16706565,0.18315706,0.20964299,False
dataset\3—Û¥–»‚∆¨_»•∑«≤À\true_bing__000391.jpg,0.49030057,0.3575027,0.4818407,0.39879712,0.54516286,0.35296524,0.51542187,0.47667444,False
dataset\3—Û¥–»‚∆¨_»•∑«≤À\true_bing__000392.jpg,0.33357656,0.33770627,0.45623755,0.29267463,0.4894351,0.3647672,0.45138562,0.39724824,False
dataset\3—Û¥–»‚∆¨_»•∑«≤À\true_bing__000402.jpg,0.32683605,0.2880177,0.4052501,0.35887036,0.5111312,0.32412273,0.4009815,0.40438253,False
dataset\3—Û¥–»‚∆¨_»•∑«≤À\true_bing__000407.jpg,0.42516363,0.34519577,0.4493543,0.39971793,0.5008515,0.4170859,0.48854488,0.45074666,False
dataset\3—Û¥–»‚∆¨_»•∑«≤À\true_bing__000410.jpg,0.46779835,0.30131453,0.39505744,0.34132335,0.49311733,0.39296895,0.47658134,0.4409598,False
dataset\3—Û¥–»‚∆¨_»•∑«≤À\true_bing__000411.jpg,0.4260128,0.3145662,0.33062303,0.34231192,0.4901178,0.36021426,0.44221014,0.43389273,False
dataset\3—Û¥–»‚∆¨_»•∑«≤À\true_bing__000416.jpg,0.32100293,0.31444448,0.36265695,0.42872185,0.36702248,0.3728485,0.3528077,0.40914848,False
dataset\3—Û¥–»‚∆¨_»•∑«≤À\true_bing__000417.jpg,0.30863845,0.33952266,0.39802006,0.24624765,0.34781006,0.3182817,0.5100033,0.4182412,False
dataset\3—Û¥–»‚∆¨_»•∑«≤À\true_bing__000418.jpg,0.18361135,0.15124242,0.18557498,0.19543445,0.26093048,0.17185673,0.21804857,0.19536683,False
dataset\3—Û¥–»‚∆¨_»•∑«≤À\true_bing__000423.jpg,0.15899502,0.14766422,0.15883058,0.20388424,0.18265752,0.19216385,0.19692841,0.18997654,False
dataset\3—Û¥–»‚∆¨_»•∑«≤À\true_bing__000426.jpg,0.33397996,0.40075606,0.419489,0.3466586,0.3211965,0.4471414,0.40585655,0.3829975,False
dataset\3—Û¥–»‚∆¨_»•∑«≤À\true_bing__000428.jpg,0.32960734,0.30843654,0.37667,0.31861994,0.33151138,0.32330075,0.36137226,0.3604464,False
dataset\3—Û¥–»‚∆¨_»•∑«≤À\true_bing__000433.jpg,0.41075283,0.3917203,0.63573384,0.34336543,0.5329631,0.42519686,0.60206527,0.5078689,True
dataset\3—Û¥–»‚∆¨_»•∑«≤À\true_bing__000434.jpg,0.41756684,0.3687875,0.43295023,0.3489531,0.54889446,0.41416413,0.53077537,0.45827866,False
dataset\3—Û¥–»‚∆¨_»•∑«≤À\true_bing__000436.jpg,0.3928413,0.32355455,0.36221942,0.38594985,0.4404296,0.40128675,0.45012823,0.38928106,False
dataset\3—Û¥–»‚∆¨_»•∑«≤À\true_bing__000437.jpg,0.43306506,0.2825572,0.37575018,0.33891392,0.44302803,0.35760757,0.39164618,0.46599835,False
dataset\3—Û¥–»‚∆¨_»•∑«≤À\true_bing__000442.jpg,0.51507753,0.28793165,0.3785212,0.36617136,0.53758013,0.33601373,0.5409168,0.47543868,False
dataset\3—Û¥–»‚∆¨_»•∑«≤À\true_bing__000446.jpg,0.36556968,0.3741327,0.44788077,0.29979765,0.44289184,0.42994052,0.5304904,0.4073369,False
dataset\3—Û¥–»‚∆¨_»•∑«≤À\true_bing__000457.jpg,0.364786,0.38830614,0.5461776,0.32823822,0.43032473,0.42086685,0.53184915,0.44717306,False
dataset\3—Û¥–»‚∆¨_»•∑«≤À\true_bing__000460.jpg,0.4925202,0.3995362,0.45257252,0.4134976,0.41217208,0.43984544,0.47792417,0.45838362,False
dataset\3—Û¥–»‚∆¨_»•∑«≤À\true_bing__000465.jpg,0.41195536,0.23979045,0.28081182,0.45445278,0.46296072,0.3280633,0.3976139,0.37333706,False
dataset\3—Û¥–»‚∆¨_»•∑«≤À\true_bing__000467.jpg,0.4994983,0.4709968,0.54582745,0.46826616,0.4494279,0.4870339,0.5692197,0.5063381,True
dataset\3—Û¥–»‚∆¨_»•∑«≤À\true_bing__000468.jpg,0.33393574,0.39437568,0.4899106,0.33136892,0.36872852,0.41654187,0.5178458,0.44888347,False
dataset\3—Û¥–»‚∆¨_»•∑«≤À\true_bing__000472.jpg,0.40970024,0.39943588,0.4482128,0.44848788,0.46949184,0.44775945,0.43506712,0.39369342,False
dataset\3—Û¥–»‚∆¨_»•∑«≤À\true_bing__000474.jpg,0.43471897,0.33543634,0.3877489,0.5033662,0.5072394,0.41122293,0.46346664,0.4399646,False
dataset\3—Û¥–»‚∆¨_»•∑«≤À\true_bing__000477.jpg,0.39088392,0.3349432,0.45381904,0.40160152,0.5290073,0.43108237,0.48659617,0.44178718,False
dataset\3—Û¥–»‚∆¨_»•∑«≤À\true_bing__000481.jpg,0.39309037,0.4448859,0.57874393,0.39999282,0.3761608,0.47479016,0.52710474,0.44901162,True
dataset\3—Û¥–»‚∆¨_»•∑«≤À\true_bing__000483.jpg,0.38110635,0.36728215,0.4740826,0.40355766,0.4202072,0.38544476,0.42199582,0.401685,False
dataset\3—Û¥–»‚∆¨_»•∑«≤À\true_bing__000485.jpg,0.37492526,0.3820082,0.49386966,0.34469962,0.51925164,0.41953737,0.53204376,0.44114196,False
dataset\3—Û¥–»‚∆¨_»•∑«≤À\true_bing__000490.jpg,0.3424203,0.3541634,0.44572634,0.31444994,0.35234174,0.33025655,0.45217,0.39468658,False
dataset\3—Û¥–»‚∆¨_»•∑«≤À\true_bing__000498.jpg,0.26311317,0.19975194,0.2693537,0.2714802,0.30167183,0.22881223,0.24455321,0.22574279,False
dataset\3—Û¥–»‚∆¨_»•∑«≤À\true_bing__000505.jpg,0.5089213,0.42467862,0.5726057,0.40512168,0.5390295,0.46345836,0.558779,0.50262415,True
